{"cameraMode":{"drawMode":0,"name":"Shaded","section":"Shading Mode"},"sceneLighting":true,"audioPlay":false,"sceneViewState":{"m_AlwaysRefresh":true,"showFog":true,"showSkybox":true,"showFlares":true,"showImageEffects":true,"showParticleSystems":true,"showVisualEffectGraphs":true,"m_FxEnabled":true},"in2DMode":false,"pivot":{"x":-26.999113082885743,"y":-18.674100875854493,"z":-31.00298500061035},"rotation":{"x":-0.08373168855905533,"y":0.8468236327171326,"z":-0.13992434740066529,"w":-0.5061020851135254},"size":63.027748107910159,"orthographic":false}