{"cameraMode":{"drawMode":0,"name":"Shaded","section":"Shading Mode"},"sceneLighting":true,"audioPlay":false,"sceneViewState":{"m_AlwaysRefresh":true,"showFog":true,"showSkybox":true,"showFlares":true,"showImageEffects":true,"showParticleSystems":true,"showVisualEffectGraphs":true,"m_FxEnabled":true},"in2DMode":false,"pivot":{"x":-22.681180953979493,"y":-8.633386611938477,"z":-33.103336334228519},"rotation":{"x":0.028554929420351983,"y":-0.959645688533783,"z":0.10580293089151383,"w":0.25899389386177065},"size":42.00419616699219,"orthographic":false}