{"cameraMode":{"drawMode":0,"name":"Shaded","section":"Shading Mode"},"sceneLighting":true,"audioPlay":false,"sceneViewState":{"m_AlwaysRefresh":true,"showFog":true,"showSkybox":true,"showFlares":true,"showImageEffects":true,"showParticleSystems":true,"showVisualEffectGraphs":true,"m_FxEnabled":true},"in2DMode":false,"pivot":{"x":61.48259735107422,"y":39.779029846191409,"z":1.8110307455062867},"rotation":{"x":0.29866987466812136,"y":-0.6477883458137512,"z":0.3010590374469757,"w":0.6316189765930176},"size":3.5348546504974367,"orthographic":false}