{"cameraMode":{"drawMode":0,"name":"Shaded","section":"Shading Mode"},"sceneLighting":true,"audioPlay":false,"sceneViewState":{"m_AlwaysRefresh":true,"showFog":true,"showSkybox":true,"showFlares":true,"showImageEffects":true,"showParticleSystems":true,"showVisualEffectGraphs":true,"m_FxEnabled":true},"in2DMode":false,"pivot":{"x":-1.2091946601867676,"y":-6.478679180145264,"z":-21.918792724609376},"rotation":{"x":-0.003299296833574772,"y":0.9903682470321655,"z":-0.13634276390075684,"w":-0.02396923117339611},"size":15.233476638793946,"orthographic":false}